Workbook

Sheet Sheet1
A1: Year | B1: GDP_Growth_% | C1: GDP_PerCapita_USD | D1: Poverty_Rate_% | E1: Unemployment_%
A2: 2000 | B2: =[1]Kenya_GDP_Growth!F2 -> 0.59969539 | C2: ='[2]GDP per capita'!$E$2 -> 414.62637 | E2: =[4]Unemployment!$E$2 -> 2.884
A3: 2001 | B3: =[1]Kenya_GDP_Growth!G2 -> 3.7799065 | C3: ='[2]GDP per capita'!$F$2 -> 410.70045 | E3: =[4]Unemployment!$F$2 -> 2.876
A4: 2002 | B4: =[1]Kenya_GDP_Growth!$H$2 -> 0.54685953 | C4: ='[2]GDP per capita'!$G$2 -> 402.93639 | E4: =[4]Unemployment!$G$2 -> 2.916
A5: 2003 | B5: =[1]Kenya_GDP_Growth!$I$2 -> 2.9324755 | C5: ='[2]GDP per capita'!$H$2 -> 442.89846 | E5: =[4]Unemployment!$H$2 -> 2.869
A6: 2004 | B6: =[1]Kenya_GDP_Growth!$J$2 -> 5.1042998 | C6: ='[2]GDP per capita'!$I$2 -> 463.66278 | E6: =[4]Unemployment!$I$2 -> 2.844
A7: 2005 | B7: =[1]Kenya_GDP_Growth!$K$2 -> 5.9066661 | C7: ='[2]GDP per capita'!$J$2 -> 523.45631 | D7: ='[3]Poverty headcount'!$J$2 -> 44.6 | E7: =[4]Unemployment!$J$2 -> 2.739
A8: 2006 | B8: =[1]Kenya_GDP_Growth!$L$2 -> 6.4724943 | C8: ='[2]GDP per capita'!$K$2 -> 699.80237 | E8: =[4]Unemployment!$K$2 -> 2.673
A9: 2007 | B9: =[1]Kenya_GDP_Growth!$M$2 -> 6.8507298 | C9: ='[2]GDP per capita'!$L$2 -> 840.20144 | E9: =[4]Unemployment!$L$2 -> 2.642
A10: 2008 | B10: =[1]Kenya_GDP_Growth!$N$2 -> 0.23228274 | C10: ='[2]GDP per capita'!$M$2 -> 915.54435 | E10: =[4]Unemployment!$M$2 -> 2.751
A11: 2009 | B11: =[1]Kenya_GDP_Growth!$O$2 -> 3.3069398 | C11: ='[2]GDP per capita'!$N$2 -> 1047.9678 | E11: =[4]Unemployment!$N$2 -> 2.816
A12: 2010 | B12: =[1]Kenya_GDP_Growth!$P$2 -> 8.0584736 | C12: ='[2]GDP per capita'!$O$2 -> 1091.5187 | E12: =[4]Unemployment!$O$2 -> 2.793
A13: 2011 | B13: =[1]Kenya_GDP_Growth!$Q$2 -> 5.1211061 | C13: ='[2]GDP per capita'!$P$2 -> 1096.145 | E13: =[4]Unemployment!$P$2 -> 2.699
A14: 2012 | B14: =[1]Kenya_GDP_Growth!$R$2 -> 4.5686796 | C14: ='[2]GDP per capita'!$Q$2 -> 1285.0054 | E14: =[4]Unemployment!$Q$2 -> 2.678
A15: 2013 | B15: =[1]Kenya_GDP_Growth!$S$2 -> 3.7978484 | C15: ='[2]GDP per capita'!$R$2 -> 1370.8789 | E15: =[4]Unemployment!$R$2 -> 2.762
A16: 2014 | B16: =[1]Kenya_GDP_Growth!$T$2 -> 5.020111 | C16: ='[2]GDP per capita'!$S$2 -> 1482.8157 | E16: =[4]Unemployment!$S$2 -> 2.767
A17: 2015 | B17: =[1]Kenya_GDP_Growth!$U$2 -> 4.9677211 | C17: ='[2]GDP per capita'!$T$2 -> 1489.1196 | D17: ='[3]Poverty headcount'!$T$2 -> 37.7 | E17: =[4]Unemployment!$T$2 -> 2.762
A18: 2016 | B18: =[1]Kenya_GDP_Growth!$V$2 -> 4.2135171 | C18: ='[2]GDP per capita'!$U$2 -> 1554.1261 | E18: =[4]Unemployment!$U$2 -> 2.757
A19: 2017 | B19: =[1]Kenya_GDP_Growth!$W$2 -> 3.8379582 | C19: ='[2]GDP per capita'!$V$2 -> 1667.4845 | E19: =[4]Unemployment!$V$2 -> 3.542
A20: 2018 | B20: =[1]Kenya_GDP_Growth!$X$2 -> 5.6479464 | C20: ='[2]GDP per capita'!$W$2 -> 1836.4528 | E20: =[4]Unemployment!$W$2 -> 4.284
A21: 2019 | B21: =[1]Kenya_GDP_Growth!$Y$2 -> 5.1141589 | C21: ='[2]GDP per capita'!$X$2 -> 1960.4081 | E21: =[4]Unemployment!$X$2 -> 5.014
A22: 2020 | B22: =[1]Kenya_GDP_Growth!$Z$2 -> -0.27276633 | C22: ='[2]GDP per capita'!$Y$2 -> 1927.6646 | D22: ='[3]Poverty headcount'!$Y$2 -> 44.4 | E22: =[4]Unemployment!$Y$2 -> 5.613
A23: 2021 | B23: =[1]Kenya_GDP_Growth!$AA$2 -> 7.5904895 | C23: ='[2]GDP per capita'!$Z$2 -> 2061.3562 | D23: ='[3]Poverty headcount'!$Z$2 -> 46.4 | E23: =[4]Unemployment!$Z$2 -> 5.693
A24: 2022 | B24: =[1]Kenya_GDP_Growth!$AB$2 -> 4.859981 | C24: ='[2]GDP per capita'!$AA$2 -> 2109.5629 | D24: ='[3]Poverty headcount'!$AA$2 -> 45.5 | E24: =[4]Unemployment!$AA$2 -> 5.565
A25: 2023 | B25: =[1]Kenya_GDP_Growth!$AC$2 -> 5.7199924 | C25: ='[2]GDP per capita'!$AB$2 -> 1942.588 | E25: =[4]Unemployment!$AB$2 -> 5.409

Sheet Dashboard
A1: Kenya Economic Indicators Dashboard (2000–2023)
A3: Average GDP Growth (%) | B3: =AVERAGE(Sheet1!B2:B25) -> 4.3323986
A4: Highest GDP Growth (%) | B4: =MAX(Sheet1!B2:B25) -> 8.0584736
A5: Lowest GDP Growth (%) | B5: =MIN(Sheet1!B2:B25) -> -0.27276633
A6: GDP Per Capita 2023 (USD) | B6: =Sheet1!C25 -> 1942.588
A7: Avg Unemployment (%) | B7: =AVERAGE(Sheet1!E2:E25) -> 3.4311667
